,UNITID,INSTNM,WEBADDR,DISAURL
0,100654,Alabama A & M University,www.aamu.edu/,https://www.aamu.edu/administrativeoffices/VADS/Pages/Disability-Services.aspx
1,100663,University of Alabama at Birmingham,https://www.uab.edu/,https://www.uab.edu/students/disability/
3,100706,University of Alabama in Huntsville,www.uah.edu/,www.uah.edu/health-and-wellness/disability-support
4,100724,Alabama State University,www.alasu.edu/,www.alasu.edu/academics/researchcenters/alabama-alliance-students-disabilities
6,100751,The University of Alabama,www.ua.edu/,ods.ua.edu/
8,100812,Athens State University,https://www.athens.edu/,https://www.athens.edu/resources/accessibility-services
9,100830,Auburn University at Montgomery,www.aum.edu/,aum.edu/center-for-disability-services
10,100858,Auburn University,www.auburn.edu/,https://accessibility.auburn.edu/
27,101480,Jacksonville State University,www.jsu.edu/,www.jsu.edu/dss/
31,101587,University of West Alabama,www.uwa.edu/,https://www.uwa.edu/americandisabilityact
36,101709,University of Montevallo,www.montevallo.edu/,https://www.montevallo.edu/campus-life/student-services/disability-support-services/
38,101879,University of North Alabama,https://www.una.edu/,https://www.una.edu/disability-support/
47,102094,University of South Alabama,www.southalabama.edu/,www.southalabama.edu/departments/sds/
52,102368,Troy University,www.troy.edu/,www.troy.edu/student-disability-services/index.html
56,102553,University of Alaska Anchorage,www.uaa.alaska.edu/,www.uaa.alaska.edu/students/disability-support-services/
58,102614,University of Alaska Fairbanks,www.uaf.edu/,www.uaf.edu/disability/
59,102632,University of Alaska Southeast,www.uas.alaska.edu/,www.uas.alaska.edu/dss/
72,104151,Arizona State University Campus Immersion,www.asu.edu/,https://eoss.asu.edu/accessibility
74,104179,University of Arizona,https://www.arizona.edu/,https://drc.arizona.edu/students
83,104708,Glendale Community College,www.gccaz.edu/,www.gccaz.edu/disability-services
86,105145,GateWay Community College,www.gatewaycc.edu/,www.gatewaycc.edu/disability-resources
90,105297,Dine College,https://www.dinecollege.edu/,https://www.dinecollege.edu/admissions/student-services/
91,105330,Northern Arizona University,https://nau.edu/,https://in.nau.edu/disability-resources/
99,105668,Rio Salado College,www.rio.maricopa.edu/,www.riosalado.edu/student-resources/disability-services
105,106148,Yavapai College,https://www.yc.edu/,https://www.yc.edu/v6/disability-resources/
106,106245,University of Arkansas at Little Rock,www.ualr.edu/,www.ualr.edu/disability/
107,106263,University of Arkansas for Medical Sciences,https://www.uams.edu/,https://students.uams.edu/ada-disability-services/
114,106397,University of Arkansas,https://www.uark.edu/,https://cea.uark.edu/
115,106412,University of Arkansas at Pine Bluff,www.uapb.edu/,www.uapb.edu/administration/student_affairs/disability_services.aspx
117,106458,Arkansas State University,www.astate.edu/,https://www.astate.edu/disability
118,106467,Arkansas Tech University,https://www.atu.edu/,www.atu.edu/disabilities/index.php
119,106485,University of Arkansas at Monticello,www.uamont.edu/,www.uamont.edu/admissions/sss/index.html
123,106704,University of Central Arkansas,www.uca.edu/,uca.edu/disability/
132,107071,Henderson State University,https://www.hsu.edu/,https://www.hsu.edu/pages/about/administration/student-affairs-and-student-success/trio-programs/disability-resource-center/
161,107983,Southern Arkansas University Main Campus,https://www.saumag.edu/,https://web.saumag.edu/testing/disability-support-services/
165,108092,University of Arkansas-Fort Smith,https://uafs.edu/,uafs.edu/academics/academic-resources/ada/index.php
176,109350,Antelope Valley Community College District,www.avc.edu/,www.avc.edu/studentservices/osd
181,109819,Bakersfield College,https://www.bakersfieldcollege.edu/,https://www.bakersfieldcollege.edu/services-and-resources/dsps/index.html
193,110398,University of California College of the Law-San Francisco,www.uclawsf.edu/,www.uclawsf.edu/academics/academic-success/disability-resource-program/
196,110422,California Polytechnic State University-San Luis Obispo,calpoly.edu/,www.drc.calpoly.edu/
198,110486,California State University-Bakersfield,www.csub.edu/,www.csub.edu/ssd/
199,110495,California State University-Stanislaus,https://www.csustan.edu/,https://www.csustan.edu/disability-resource-services
201,110510,California State University-San Bernardino,www.csusb.edu/,www.csusb.edu/ssd
202,110529,California State Polytechnic University-Pomona,www.cpp.edu/,www.cpp.edu/~drc/
203,110538,California State University-Chico,www.csuchico.edu/,www.csuchico.edu/dss/
204,110547,California State University-Dominguez Hills,https://www.csudh.edu/,www.csudh.edu/sdrc/
205,110556,California State University-Fresno,www.fresnostate.edu/,www.fresnostate.edu/ssd/
206,110565,California State University-Fullerton,www.fullerton.edu/,www.fullerton.edu/dss/
207,110574,California State University-East Bay,https://www.csueastbay.edu/,https://www.csueastbay.edu/accessibility/
208,110583,California State University-Long Beach,www.csulb.edu/,web.csulb.edu/divisions/students/dss/
209,110592,California State University-Los Angeles,https://www.calstatela.edu/,https://www.calstatela.edu/osd
210,110608,California State University-Northridge,https://www.csun.edu/,https://www.csun.edu/dres
211,110617,California State University-Sacramento,https://www.csus.edu/,https://www.csus.edu/student-affairs/centers-programs/disability-access-center/
212,110635,University of California-Berkeley,www.berkeley.edu/,dsp.berkeley.edu/
213,110644,University of California-Davis,ucdavis.edu/,sdc.ucdavis.edu/
214,110653,University of California-Irvine,www.uci.edu/,dsc.uci.edu/
215,110662,University of California-Los Angeles,www.ucla.edu/,www.cae.ucla.edu/
216,110671,University of California-Riverside,www.ucr.edu/,sdrc.ucr.edu/
217,110680,University of California-San Diego,www.ucsd.edu/,disabilities.ucsd.edu/
218,110699,University of California-San Francisco,ucsf.edu/,sds.ucsf.edu/
219,110705,University of California-Santa Barbara,www.ucsb.edu/,dsp.sa.ucsb.edu/
220,110714,University of California-Santa Cruz,www.ucsc.edu/,drc.ucsc.edu/
227,111188,California State University Maritime Academy,https://www.csum.edu/,www.csum.edu/disability-services/
269,113236,Cypress College,www.cypresscollege.edu/,www.cypresscollege.edu/services/disability-support-services-dss/
285,114433,Feather River Community College District,www.frc.edu/,www.frc.edu/dsps/index
290,114716,Foothill College,https://foothill.edu/,https://foothill.edu/drc/
313,115755,California State Polytechnic University-Humboldt,www.humboldt.edu/,disability.humboldt.edu/
362,118912,MiraCosta College,www.miracosta.edu/,www.miracosta.edu/student-services/sas/index.html
365,118976,Modesto Junior College,https://www.mjc.edu/,https://www.mjc.edu/studentservices/disability/index.php
377,119678,Naval Postgraduate School,https://www.nps.edu/,https://my.nps.edu/web/gwc/special-needs-reasonable-accommodation
410,121619,Santa Ana College,www.sac.edu/,www.sac.edu/StudentServices/DSPS/Pages/default.aspx
417,121886,Rio Hondo College,www.riohondo.edu/,www.riohondo.edu/dsps
425,122375,San Diego Mesa College,www.sdmesa.edu/,www.sdmesa.edu/student-support/disability-services/index.shtml
427,122409,San Diego State University,www.sdsu.edu/,go.sdsu.edu/student_affairs/sds/Default.aspx
430,122597,San Francisco State University,www.sfsu.edu/,access.sfsu.edu/
439,122755,San Jose State University,www.sjsu.edu/,www.sjsu.edu/aec/
444,122977,Santa Monica College,https://www.smc.edu/,https://www.smc.edu/student-support/center-for-students-with-disabilities/
450,123299,Shasta College,https://www.shastacollege.edu/,https://www.shastacollege.edu/student-life/student-services/partners-in-access-to-college-education-for-students-with-disabilities/
457,123509,Skyline College,skylinecollege.edu/,skylinecollege.edu/disabilityresources/index.php
460,123563,Solano Community College,welcome.solano.edu/,welcome.solano.edu/asc/
461,123572,Sonoma State University,https://sonoma.edu/,https://dss.sonoma.edu/
491,125471,West Los Angeles College,www.wlac.edu/,www.wlac.edu/dsps/index.aspx
503,126182,Adams State University,www.adams.edu/,https://www.adams.edu/accessibility/ada/
504,126207,Aims Community College,www.aims.edu/,www.aims.edu/departments/disability-access-services
505,126289,Arapahoe Community College,www.arapahoe.edu/,www.arapahoe.edu/advising-support/disability-access-services
507,126562,University of Colorado Denver/Anschutz Medical Campus,www.ucdenver.edu/,www.ucdenver.edu/offices/disability-resources-and-services
508,126580,University of Colorado Colorado Springs,https://www.uccs.edu/,https://disability.uccs.edu/
510,126614,University of Colorado Boulder,www.colorado.edu/,www.colorado.edu/disabilityservices/
514,126711,Colorado Mountain College,coloradomtn.edu/,coloradomtn.edu/apply-get-started/access-inclusion-disability-services/
516,126775,Colorado School of Mines,www.mines.edu/,www.mines.edu/disability-support-services/
518,126818,Colorado State University-Fort Collins,colostate.edu/,disabilitycenter.colostate.edu/
522,126942,Community College of Denver,www.ccd.edu/,www.ccd.edu/org/accessibility-center
527,127185,Fort Lewis College,fortlewis.edu/,www.fortlewis.edu/disability/
528,127200,Front Range Community College,https://www.frontrange.edu/,https://www.frontrange.edu/being-a-student/disability-services
532,127556,Colorado Mesa University,www.coloradomesa.edu/,https://www.coloradomesa.edu/educational-access/index.html
533,127565,Metropolitan State University of Denver,www.msudenver.edu/,www.msudenver.edu/access/
534,127617,Morgan Community College,https://www.morgancc.edu/,https://www.morgancc.edu/current-students/disability-services/
538,127741,University of Northern Colorado,https://www.unco.edu/,https://www.unco.edu/disability-support-services/
540,127820,Pikes Peak State College,https://www.pikespeak.edu/,www.pikespeak.edu/student-support/accessibility-services/
541,127884,Pueblo Community College,www.pueblocc.edu/,www.pueblocc.edu/Disability-Resources/
542,127909,Red Rocks Community College,www.rrcc.edu/,https://www.rrcc.edu/accessibility-services
546,128106,Colorado State University Pueblo,https://www.csupueblo.edu/,https://www.csupueblo.edu/disability-resource-and-support-center/index.html
550,128258,Trinidad State College,www.trinidadstate.edu/,www.trinidadstate.edu/students/disability.html
552,128328,United States Air Force Academy,www.usafa.edu/,www.academyadmissions.com/
554,128391,Western Colorado University,www.western.edu/,western.edu/academics/academic-resource-center/disability-services/
559,128771,Central Connecticut State University,www.ccsu.edu/,www.ccsu.edu/accessibility
560,128780,Charter Oak State College,https://www.charteroak.edu/,https://www.charteroak.edu/current/services/accessibility.php
564,129020,University of Connecticut,uconn.edu/,csd.uconn.edu/
567,129215,Eastern Connecticut State University,https://www.easternct.edu/,https://www.easternct.edu/accessability/
595,130493,Southern Connecticut State University,www.southernct.edu/,southernct.edu/student-life/support/drc/index.html
598,130624,United States Coast Guard Academy,https://www.uscga.edu/,https://www.dcms.uscg.mil/Our-Organization/Assistant-Commandant-for-Human-Resources-CG-1/
600,130776,Western Connecticut State University,https://www.wcsu.edu/,www.wcsu.edu/accessability/
605,130907,Delaware Technical Community College-Terry,https://www.dtcc.edu/,www.dtcc.edu/student-resources/learning-support/disability-services
606,130934,Delaware State University,www.desu.edu/,www.desu.edu/academics/student-accessibility-services
607,130943,University of Delaware,www.udel.edu/,sites.udel.edu/dss/
613,131399,University of the District of Columbia,www.udc.edu/,www.udc.edu/arc/
629,132693,Eastern Florida State College,www.easternflorida.edu/,www.easternflorida.edu/academics/academic-support/sail/
630,132709,Broward College,www.broward.edu/,https://www.broward.edu/studentresources/disability/Pages/default.aspx
632,132851,College of Central Florida,www.cf.edu/,https://www.cf.edu/student-life/student-services/disability-services/
634,132903,University of Central Florida,www.ucf.edu/,sas.sdes.ucf.edu/
636,133021,Chipola College,https://www.chipola.edu/,https://www.chipola.edu/studentservices/student-disability-resource-office/
638,133386,Daytona State College,www.daytonastate.edu/,www.daytonastate.edu/cas/
641,133508,Florida SouthWestern State College,https://www.fsw.edu/,www.fsw.edu/adaptiveservices
644,133650,Florida Agricultural and Mechanical University,www.famu.edu/,www.famu.edu/index.cfm?cedar&OURSERVICES
645,133669,Florida Atlantic University,www.fau.edu/,www.fau.edu/sas/
646,133702,Florida State College at Jacksonville,www.fscj.edu/,www.fscj.edu/student-services/student-resources/services-for-students-with-disabilities
654,133951,Florida International University,www.fiu.edu/,studentaffairs.fiu.edu/get-support/disability-resource-center/
655,133960,The College of the Florida Keys,https://www.cfk.edu/,https://www.cfk.edu/academics/learning-support/office-of-students-with-disabilities/
660,134097,Florida State University,https://www.fsu.edu/,https://dsst.fsu.edu/oas
661,134130,University of Florida,https://www.ufl.edu/,https://disability.ufl.edu/
666,134343,Gulf Coast State College,https://gulfcoast.edu/,https://www.gulfcoast.edu/current-students/student-accessibility-resources/index.html
668,134495,Hillsborough Community College,https://www.hccfl.edu/,https://www.hccfl.edu/support-services/services-students-disabilities
672,134608,Indian River State College,www.irsc.edu/,https://www.irsc.edu/student-resources/student-accessibility-services.html
678,135160,Florida Gateway College,https://www.fgc.edu/,www.fgc.edu/students/office-of-accessibility-services/
680,135188,Lake-Sumter State College,www.lssc.edu/,www.lssc.edu/current-students/students-with-disabilities/
686,135391,State College of Florida-Manatee-Sarasota,www.scf.edu/,www.scf.edu/studentservices/disabilityresourcecenter/default.asp
692,135717,Miami Dade College,www.mdc.edu/,www.mdc.edu/access/
696,136145,North Florida College,https://www.nfc.edu/,https://www.nfc.edu/current-students/student-services/disability-resource-center/index
697,136172,University of North Florida,https://www.unf.edu/,https://www.unf.edu/sac/
699,136233,Northwest Florida State College,https://www.nwfsc.edu/,https://www.nwfsc.edu/students/accommodations/
702,136358,Palm Beach State College,www.palmbeachstate.edu/,https://www.palmbeachstate.edu/CSA/
703,136400,Pasco-Hernando State College,https://www.phsc.edu/,accessibility-services.phsc.edu/
704,136473,Pensacola State College,www.pensacolastate.edu/,www.pensacolastate.edu/student-services/student-resource-center-for-ada-services
706,136516,Polk State College,www.polk.edu/,www.polk.edu/disability-services/
715,137078,St Petersburg College,www.spcollege.edu/,www.spcollege.edu/friends-partners/about/compliance-statements/accessibility-services
717,137096,Santa Fe College,www.sfcollege.edu/,https://www.sfcollege.edu/drc/
719,137209,Seminole State College of Florida,https://www.seminolestate.edu/,https://www.seminolestate.edu/dss/
722,137281,Saint Johns River State College,www.sjrstate.edu/,www.sjrstate.edu/disabledstudents.html
723,137315,South Florida State College,www.southflorida.edu/,www.southflorida.edu/current-students/advising-counseling-center/services-students-with-disabilities
724,137351,University of South Florida,www.usf.edu/,www.usf.edu/student-affairs/student-accessibility/
730,137759,Tallahassee Community College,www.tcc.fl.edu/,www.tcc.fl.edu/student-life/student-services/accessibility-and-resource-center/student-accessibility-services/
738,138187,Valencia College,valenciacollege.edu/,valenciacollege.edu/osd/
743,138354,University of West Florida,uwf.edu/,uwf.edu/academic-engagement-and-student-affairs/departments/student-accessibility-resources/
748,138558,Abraham Baldwin Agricultural College,https://www.abac.edu/,https://www.abac.edu/campus-life/ads/
753,138716,Albany State University,https://www.asurams.edu/,https://www.asurams.edu/student-affairs/counseling-disability-services/
759,138901,Atlanta Metropolitan State College,https://www.atlm.edu/,https://www.atlm.edu/students/counseling-and-disability-services.aspx
768,139250,College of Coastal Georgia,https://www.ccga.edu/,https://www.ccga.edu/studentlife/studentresources/healthcenter/disabilityservices
770,139311,Clayton  State University,www.clayton.edu/,www.clayton.edu/disability
773,139366,Columbus State University,www.columbusstate.edu/,columbusstate.edu/accommodation-and-access/
776,139463,Dalton State College,https://www.daltonstate.edu/index.cms,libguides.daltonstate.edu/c.php?g=24716&p=149663
779,139621,East Georgia State College,https://www.ega.edu/,https://www.ega.edu/current-students/student-support/index.html
782,139700,Georgia Highlands College,www.highlands.edu/,https://sites.highlands.edu/student-support-services/disability-assistance/
783,139719,Fort Valley State University,www.fvsu.edu/,https://www.fvsu.edu/disability-services/
785,139755,Georgia Institute of Technology-Main Campus,www.gatech.edu/,disabilityservices.gatech.edu/
786,139764,Georgia Southwestern State University,https://gsw.edu/,https://gsw.edu/accommodations/
787,139861,Georgia College & State University,www.gcsu.edu/,www.gcsu.edu/disability
788,139931,Georgia Southern University,www.georgiasouthern.edu/,students.georgiasouthern.edu/sarc/
789,139940,Georgia State University,www.gsu.edu/,access.gsu.edu/
790,139959,University of Georgia,www.uga.edu/,https://drc.uga.edu/
791,139968,Gordon State College,https://www.gordonstate.edu/,https://www.gordonstate.edu/student-life/counseling-and-accessibility/index.html
814,140960,Savannah State University,www.savannahstate.edu/,www.savannahstate.edu/student-affairs/office-of-disability-services-intro.shtml
822,141264,Valdosta State University,www.valdosta.edu/,www.valdosta.edu/student/disability/welcome.php
824,141334,University of West Georgia,www.westga.edu/,https://www.westga.edu/student-services/accessibility-testing/
827,141565,University of Hawaii at Hilo,https://hilo.hawaii.edu/,https://hilo.hawaii.edu/studentaffairs/uds/
828,141574,University of Hawaii at Manoa,https://manoa.hawaii.edu/,hawaii.edu/kokua/
835,141839,University of Hawaii Maui College,maui.hawaii.edu/,maui.hawaii.edu/disability/
837,141981,University of Hawaii-West Oahu,https://westoahu.hawaii.edu/,https://westoahu.hawaii.edu/disabilityservices/
841,142115,Boise State University,https://www.boisestate.edu/,https://www.boisestate.edu/eac/
843,142276,Idaho State University,www.isu.edu/,https://www.isu.edu/disabilityservices/
844,142285,University of Idaho,www.uidaho.edu/,www.uidaho.edu/current-students/cdar
846,142328,Lewis-Clark State College,www.lcsc.edu/,www.lcsc.edu/accessibility-services
852,142559,College of Southern Idaho,www.csi.edu/,www.csi.edu/disability-services/
875,144005,Chicago State University,www.csu.edu/,www.csu.edu/dosa/abilities/
895,144892,Eastern Illinois University,https://www.eiu.edu/,www.eiu.edu/disability/
903,145336,Governors State University,www.govst.edu/,www.govst.edu/disability-services/
912,145600,University of Illinois Chicago,www.uic.edu/,drc.uic.edu/
915,145637,University of Illinois Urbana-Champaign,www.illinois.edu/,www.disability.illinois.edu/
921,145813,Illinois State University,illinoisstate.edu/,www.studentaccess.illinoisstate.edu/
965,147703,Northern Illinois University,www.niu.edu/,www.niu.edu/disability/
967,147776,Northeastern Illinois University,www.neiu.edu/,www.neiu.edu/university-life/student-disability-services
987,148654,University of Illinois Springfield,www.uis.edu/,www.uis.edu/disability
998,149222,Southern Illinois University-Carbondale,https://siu.edu/,https://disabilityservices.siu.edu/
999,149231,Southern Illinois University-Edwardsville,www.siue.edu/,www.siue.edu/access/
1012,149772,Western Illinois University,www.wiu.edu/,www.wiu.edu/student_success/disability_resources/
1016,150136,Ball State University,https://www.bsu.edu/,https://www.bsu.edu/about/administrativeoffices/disability-services
1037,151102,Purdue University Fort Wayne,www.pfw.edu/,www.pfw.edu/ssd/
1038,151111,Indiana University-Indianapolis,https://indianapolis.iu.edu/,aes.iupui.edu/
1041,151306,University of Southern Indiana,www.usi.edu/,www.usi.edu/disability-resources
1042,151324,Indiana State University,https://www.indstate.edu/,https://www.indstate.edu/services/student-success/cfss/student-support-services/disability-student-services
1043,151333,Indiana University-Kokomo,www.iuk.edu/,kokomo.iu.edu/accessible-educational-services/index.html
1044,151342,Indiana University-South Bend,https://iusb.edu/,southbend.iu.edu/students/student-support-services/aes/index.html
1045,151351,Indiana University-Bloomington,www.indiana.edu/,studentaffairs.indiana.edu/student-support/disability-services/index.html
1046,151360,Indiana University-Northwest,www.iun.edu/,www.iun.edu/ada-accessibility/
1047,151379,Indiana University-Southeast,https://ius.edu/,www.ius.edu/disability-services/
1048,151388,Indiana University-East,www.iue.edu/,www.iue.edu/student-success/survive-and-thrive/accessibility.html
1075,152637,Vincennes University,https://www.vinu.edu/,https://www.vinu.edu/web/diverse-abilities-and-accommodations/welcome
1106,153603,Iowa State University,https://www.iastate.edu/,https://sas.dso.iastate.edu/
1109,153658,University of Iowa,https://uiowa.edu/,sds.studentlife.uiowa.edu/
1124,154095,University of Northern Iowa,https://www.uni.edu/,https://sas.uni.edu/
1161,155025,Emporia State University,www.emporia.edu/,www.emporia.edu/academics-majors/academic-services-advising/student-accessibility-support-services/
1163,155061,Fort Hays State University,www.fhsu.edu/,www.fhsu.edu/disability/
1168,155140,Haskell Indian Nations University,www.haskell.edu/,www.haskell.edu/library/dss/
1178,155317,University of Kansas,https://ku.edu/,access.ku.edu/
1181,155399,Kansas State University,www.k-state.edu/,www.k-state.edu/accesscenter/
1194,155681,Pittsburg State University,https://www.pittstate.edu/,www.pittstate.edu/office/center-for-student-accommodations/
1202,156082,Washburn University,www.washburn.edu/,www.washburn.edu/studentaccessibility
1204,156125,Wichita State University,www.wichita.edu/,www.wichita.edu/thisis/home/?u=disserv
1222,156620,Eastern Kentucky University,www.eku.edu/,accessibility.eku.edu/
1235,157058,Kentucky State University,www.kysu.edu/,www.kysu.edu/academics/disability-svcs/index.php
1237,157085,University of Kentucky,www.uky.edu/,www.uky.edu/DisabilityResourceCenter/
1241,157289,University of Louisville,www.louisville.edu/,louisville.edu/disability
1246,157386,Morehead State University,https://www.moreheadstate.edu/,www.moreheadstate.edu/student-support/disability-services/
1247,157401,Murray State University,www.murraystate.edu/,www.murraystate.edu/headermenu/administration/StudentAffairs/departments/StudentDisabilityServices/index.aspx
1249,157447,Northern Kentucky University,www.nku.edu/,inside.nku.edu/osa.html
1266,157951,Western Kentucky University,https://www.wku.edu/,https://www.wku.edu/sarc/
1279,159009,Grambling State University,www.gram.edu/,www.gram.edu/student-life/services/counseling-center/
1283,159373,Louisiana State University Health Sciences Center-New Orleans,www.lsuhsc.edu/,www.lsuhsc.edu/administration/academic/ods/
1284,159382,Louisiana State University-Alexandria,www.lsua.edu/,www.lsua.edu/campus-life/dose/disabilityservices
1285,159391,Louisiana State University and Agricultural & Mechanical College,www.lsu.edu/,https://www.lsu.edu/disability/index.php
1287,159416,Louisiana State University-Shreveport,www.lsus.edu/,www.lsus.edu/student-life/disability-services
1293,159647,Louisiana Tech University,https://www.latech.edu/,https://www.latech.edu/current-students/student-advancement-affairs/disability-services/
1295,159717,McNeese State University,www.mcneese.edu/,www.mcneese.edu/ods
1296,159939,University of New Orleans,new.uno.edu/,www.uno.edu/disability-services
1298,159966,Nicholls State University,www.nicholls.edu/,www.nicholls.edu/student-access-center/
1299,159993,University of Louisiana at Monroe,www.ulm.edu/,www.ulm.edu/counselingcenter/special.html
1301,160038,Northwestern State University of Louisiana,https://www.nsula.edu/,https://www.nsula.edu/disabilitysupport/
1315,160612,Southeastern Louisiana University,www.southeastern.edu/,www.southeastern.edu/admin/access_srv/index.html
1316,160621,Southern University and A & M College,www.subr.edu/,www.subr.edu/page/13
1317,160630,Southern University at New Orleans,www.suno.edu/,www.suno.edu/page/services-for-students-with-disabilities
1319,160658,University of Louisiana at Lafayette,www.louisiana.edu/,disability.louisiana.edu/
1333,161217,University of Maine at Augusta,www.uma.edu/,www.uma.edu/academics/student-support/student-development/disability-services/
1334,161226,University of Maine at Farmington,https://www.umf.maine.edu/,www.umf.maine.edu/learnassist/home/disability-services-in-the-learning-assistance-center/
1335,161235,University of Maine at Fort Kent,www.umfk.maine.edu/,https://www.umfk.edu/learning-center/offices/student-success/student-accessibility-services/
1336,161253,University of Maine,www.umaine.edu/,umaine.edu/disability/
1338,161299,Maine Maritime Academy,https://mainemaritime.edu/,https://mainemaritime.edu/support-services/accessibility-services
1339,161341,University of Maine at Presque Isle,www.umpi.edu/,www.umpi.edu/offices/student-support-services/disability-services/
1347,161554,University of Southern Maine,usm.maine.edu/,usm.maine.edu/disability-services-center
1356,161873,University of Baltimore,www.ubalt.edu/,www.ubalt.edu/campus-life/disability-access-services/
1357,162007,Bowie State University,www.bowiestate.edu/,https://www.bowiestate.edu/academics/support-services/disability-support-services/
1363,162283,Coppin State University,www.coppin.edu/,www.coppin.edu/dss
1367,162584,Frostburg State University,www.frostburg.edu/,www.frostburg.edu/academics/academic-success-network/student-accessibility-services-home/index.php
1378,163204,University of Maryland Global Campus,www.umgc.edu/,www.umgc.edu/current-students/student-life-and-support/accessibility-accommodations
1379,163259,"University of Maryland, Baltimore",www.umaryland.edu/,www.umaryland.edu/disabilityservices/for-students/
1380,163268,University of Maryland-Baltimore County,umbc.edu/,sds.umbc.edu/
1381,163286,University of Maryland-College Park,www.umd.edu/,counseling.umd.edu/ads
1383,163338,University of Maryland Eastern Shore,wwwcp.umes.edu/,wwwcp.umes.edu/oie/accessibility-at-umes/
1387,163453,Morgan State University,https://www.morgan.edu/,https://www.morgan.edu/sdss
1394,163851,Salisbury University,https://www.salisbury.edu/,www.salisbury.edu/administration/student-affairs/disability-resource-center/index.aspx
1395,163912,St. Mary's College of Maryland,https://www.smcm.edu/,https://www.smcm.edu/office-accessibility-services/
1397,164076,Towson University,www.towson.edu/,https://www.towson.edu/accessibility-disability-services/
1400,164155,United States Naval Academy,www.usna.edu/,https://www.cnic.navy.mil/regions/ndw/installations/nsa_annapolis/ffr/support_services/families/family_support_programs.html
1425,165024,Bridgewater State University,www.bridgew.edu/,https://www.bridgew.edu/academics/academic-achievement/disability-resources
1446,165820,Fitchburg State University,www.fitchburgstate.edu/,www.fitchburgstate.edu/offices-services-directory/disability-services/
1447,165866,Framingham State University,www.framingham.edu/,www.framingham.edu/academics/center-for-academic-success-and-achievement/disability-access-services/index
1463,166513,University of Massachusetts-Lowell,www.uml.edu/,www.uml.edu/student-services/disability/
1464,166629,University of Massachusetts-Amherst,www.umass.edu/,www.umass.edu/disability/
1465,166638,University of Massachusetts-Boston,www.umb.edu/,www.umb.edu/academics/vpass/disability
1469,166674,Massachusetts College of Art and Design,https://massart.edu/,https://massart.edu/student-accessibility
1471,166692,Massachusetts Maritime Academy,https://www.maritime.edu/,https://www.maritime.edu/academic-resources/academic-accessibility-services
1472,166708,University of Massachusetts Chan Medical School,www.umassmed.edu/,https://www.umassmed.edu/ada
1487,167288,Massachusetts College of Liberal Arts,https://www.mcla.edu/,https://www.mcla.edu/student-services/disability-resources/index.php
1494,167525,Quincy College,https://www.quincycollege.edu/,https://quincycollege.edu/student-services/sas/
1499,167729,Salem State University,www.salemstate.edu/,www.salemstate.edu/disability-services
1506,167987,University of Massachusetts-Dartmouth,www.umassd.edu/,https://www.umassd.edu/accessibility/
1514,168263,Westfield State University,www.westfield.ma.edu/,www.westfield.ma.edu/academics/disability-services
1518,168430,Worcester State University,https://www.worcester.edu/,https://www.worcester.edu/campus-life/student-services/student-accessibility-services/
1524,168607,Alpena Community College,www.alpenacc.edu/,www.alpenacc.edu/
1534,169248,Central Michigan University,https://www.cmich.edu/,https://www.cmich.edu/student-life/student-support-services/student-disability-services
1548,169798,Eastern Michigan University,www.emich.edu/,www.emich.edu/drc/
1550,169910,Ferris State University,www.ferris.edu/,www.ferris.edu/RSS/ecds/disabilities-services/homepage.htm
1557,170082,Grand Valley State University,www.gvsu.edu/,www.gvsu.edu/dsr/
1559,170240,Henry Ford College,https://www.hfcc.edu/,www.hfcc.edu/assisted-learning
1562,170444,Jackson College,www.jccmi.edu/,https://www.jccmi.edu/center-for-student-success/
1569,170639,Lake Superior State University,www.lssu.edu/,www.lssu.edu/academic-services/accessibility/
1576,170976,University of Michigan-Ann Arbor,https://umich.edu/,https://ssd.umich.edu/
1578,171100,Michigan State University,https://www.msu.edu/,https://www.rcpd.msu.edu/services
1579,171128,Michigan Technological University,https://www.mtu.edu/,https://www.mtu.edu/success/disability/
1580,171137,University of Michigan-Dearborn,https://umdearborn.edu/,https://umdearborn.edu/students/disability-services
1581,171146,University of Michigan-Flint,www.umflint.edu/,www.umflint.edu/disabilitysupportservices
1587,171456,Northern Michigan University,https://www.nmu.edu/,https://www.nmu.edu/disabilityservices/
1588,171483,Northwestern Michigan College,https://www.nmc.edu/,https://www.nmc.edu/student-services/tutoring-support/support-services.html
1591,171571,Oakland University,www.oakland.edu/,www.oakland.edu/dss
1599,172051,Saginaw Valley State University,www.svsu.edu/,www.svsu.edu/access/
1600,172200,Schoolcraft Community College District,https://www.schoolcraft.edu/,https://www.schoolcraft.edu/dss/disability-support-services
1612,172644,Wayne State University,https://wayne.edu/,https://studentdisability.wayne.edu/
1615,172699,Western Michigan University,https://wmich.edu/,https://wmich.edu/disabilityservices
1624,173124,Bemidji State University,https://www.bemidjistate.edu/,https://www.bemidjistate.edu/services/accessibility/
1646,173920,Minnesota State University-Mankato,https://mnsu.edu/,mnsu.edu/university-life/campus-services/accessibility-resources/
1648,174020,Metropolitan State University,www.metrostate.edu/,www.metrostate.edu/accessibility
1649,174066,University of Minnesota-Twin Cities,https://twin-cities.umn.edu/,https://disability.umn.edu/
1650,174075,University of Minnesota-Crookston,https://crk.umn.edu/,https://crk.umn.edu/disability-resource-center
1655,174233,University of Minnesota-Duluth,https://www.d.umn.edu/,https://disability-resources.d.umn.edu/
1656,174251,University of Minnesota-Morris,https://morris.umn.edu/,https://morris.umn.edu/directory/disability-resource-center
1658,174358,Minnesota State University Moorhead,https://www.mnstate.edu/,https://www.mnstate.edu/accessibility/
1670,174783,Saint Cloud State University,https://www.stcloudstate.edu/,https://www.stcloudstate.edu/sas/default.aspx
1681,175078,Southwest Minnesota State University,www.smsu.edu/,www.smsu.edu/campuslife/disabilityservices/
1687,175272,Winona State University,www.winona.edu/,www.winona.edu/accessservices/
1690,175342,Alcorn State University,www.alcorn.edu/,www.alcorn.edu/academics/student-services/health-and-disability-services
1696,175616,Delta State University,https://www.deltastate.edu/,https://www.deltastate.edu/student-affairs/health-counseling-services/
1704,175856,Jackson State University,https://www.jsums.edu/,www.jsums.edu/disability/
1710,176017,University of Mississippi,www.olemiss.edu/,sds.olemiss.edu/
1711,176035,Mississippi University for Women,https://www.muw.edu/,https://www.muw.edu/ssc/disability
1712,176044,Mississippi Valley State University,www.mvsu.edu/,www.mvsu.edu/prospective-students/admissions/types-of-students/students-with-disabilities
1716,176080,Mississippi State University,https://www.msstate.edu/,https://www.drc.msstate.edu/
1723,176372,University of Southern Mississippi,https://www.usm.edu/,https://www.usm.edu/student-accessibility-services/index.php
1737,176965,University of Central Missouri,https://www.ucmo.edu/,https://www.ucmo.edu/offices/accessibility-services/
1754,177472,Ozarks Technical Community College,www.otc.edu/,https://academics.otc.edu/disabilitysupport/
1756,177551,Harris-Stowe State University,https://www.hssu.edu/,https://go.hssu.edu/rsp_content.html?wid=41&pid=279
1766,177940,Lincoln University,https://www.lincolnu.edu/,https://www.lincolnu.edu/student-life/disability-services/index.html
1777,178341,Missouri Southern State University,www.mssu.edu/,www.mssu.edu/student-affairs/disability-services/
1779,178387,Missouri Western State University,https://www.missouriwestern.edu/,https://www.missouriwestern.edu/saem/accommodation-letters
1780,178396,University of Missouri-Columbia,https://missouri.edu/,https://disabilitycenter.missouri.edu/
1781,178402,University of Missouri-Kansas City,https://www.umkc.edu/,https://info.umkc.edu/disability-services/
1782,178411,Missouri University of Science and Technology,https://www.mst.edu/,https://saat.mst.edu/
1783,178420,University of Missouri-St Louis,https://www.umsl.edu/,https://www.umsl.edu/hcdas/das/index.html
1788,178615,Truman State University,https://www.truman.edu/,https://disabilityservices.truman.edu/
1789,178624,Northwest Missouri State University,https://www.nwmissouri.edu/,https://www.nwmissouri.edu/titleixequity/accessibility/index.htm
1801,179308,Saint Louis Community College,https://www.stlcc.edu/,https://stlcc.edu/student-support/disability-services/
1808,179557,Southeast Missouri State University,https://www.semo.edu/,https://semo.edu/student-support/health-wellness/accessibility-services/index.html
1809,179566,Missouri State University-Springfield,www.missouristate.edu/,www.missouristate.edu/disability/
1826,180179,Montana State University Billings,www.msubillings.edu/,www.msubillings.edu/dss/
1828,180203,Aaniiih Nakoda College,www.ancollege.edu/,www.ancollege.edu/
1835,180416,Montana Technological University,https://www.mtech.edu/,https://www.mtech.edu/academics/services/disability/
1836,180461,Montana State University,https://www.montana.edu/,https://www.montana.edu/disabilityservices/
1837,180489,The University of Montana,www.umt.edu/,https://www.umt.edu/dss/
1838,180522,Montana State University-Northern,www.msun.edu/,www.msun.edu/stuaffairs/disabilityserv/
1840,180647,Salish Kootenai College,www.skc.edu/,www.skc.edu/disability-services/
1841,180692,The University of Montana-Western,umwestern.edu/,umwestern.edu/section/disability-services/
1846,180948,Chadron State College,www.csc.edu/,www.csc.edu/disability-services/
1854,181215,University of Nebraska at Kearney,www.unk.edu/,www.unk.edu/offices/academic_success/dss/index.php
1859,181394,University of Nebraska at Omaha,https://www.unomaha.edu/,https://www.unomaha.edu/student-life/accessibility/index.php
1860,181419,Nebraska Indian Community College,www.thenicc.edu/,www.thenicc.edu/index.php/en/nebraska-indian-community-college/about-nicc-1/college-policies-2
1861,181428,University of Nebraska Medical Center,www.unmc.edu/,www.unmc.edu/student-success/support-services/accessibility/index.html
1863,181464,University of Nebraska-Lincoln,www.unl.edu/,https://www.unl.edu/ssd/
1865,181534,Peru State College,www.peru.edu/,www.peru.edu/disability/
1872,181783,Wayne State College,https://www.wsc.edu/,https://www.wsc.edu/info/20020/counseling_center/81/disability_services
1877,182005,College of Southern Nevada,www.csn.edu/,https://www.csn.edu/drc
1879,182281,University of Nevada-Las Vegas,www.unlv.edu/,www.unlv.edu/drc
1880,182290,University of Nevada-Reno,www.unr.edu/,www.unr.edu/drc
1881,182306,Great Basin College,www.gbcnv.edu/,www.gbcnv.edu/disabilities/index.html
1882,182500,Truckee Meadows Community College,www.tmcc.edu/,www.tmcc.edu/drc
1884,182564,Western Nevada College,www.wnc.edu/,https://www.wnc.edu/dss/
1890,182829,University of New Hampshire-Franklin Pierce School of Law,https://law.unh.edu/,https://law.unh.edu/student-life/office-assistant-dean-students
1897,183044,University of New Hampshire-Main Campus,www.unh.edu/,www.unh.edu/studentaccessibility
1898,183062,Keene State College,www.keene.edu/,www.keene.edu/office/disabilitysvs/
1899,183071,University of New Hampshire at Manchester,manchester.unh.edu/,https://manchester.unh.edu/student-accessibility-services
1900,183080,Plymouth State University,www.plymouth.edu/,www.plymouth.edu/academics/campus-accessibility-services
1912,183257,University of New Hampshire College of Professional Studies Online,https://cps.unh.edu/online,https://manchester.unh.edu/student-accessibility-services
1942,184782,Rowan University,https://www.rowan.edu/,https://sites.rowan.edu/accessibilityservices/
1948,185129,New Jersey City University,www.njcu.edu/,www.njcu.edu/academics/resources-services/disability-support-services
1950,185262,Kean University,https://www.kean.edu/,https://www.kean.edu/oas
1956,185590,Montclair State University,www.montclair.edu/,www.montclair.edu/disability-resource-center/
1961,185828,New Jersey Institute of Technology,https://www.njit.edu/,https://www.njit.edu/accessibility/
1970,186201,Ramapo College of New Jersey,www.ramapo.edu/,www.ramapo.edu/oss/
1973,186371,Rutgers University-Camden,https://camden.rutgers.edu/,https://ods.rutgers.edu/
1974,186380,Rutgers University-New Brunswick,https://newbrunswick.rutgers.edu/,https://ods.rutgers.edu/
1975,186399,Rutgers University-Newark,https://www.newark.rutgers.edu/,https://ods.rutgers.edu/
1985,186876,Stockton University,https://www.stockton.edu/,https://stockton.edu/wellness-center/disability-services/index.html
1988,187046,Thomas Edison State University,www.tesu.edu/,www.tesu.edu/about/ada/
1989,187134,The College of New Jersey,https://www.tcnj.edu/,https://arc.tcnj.edu/
1991,187444,William Paterson University of New Jersey,www.wpunj.edu/,www.wpunj.edu/accessibilityresourcecenter/
1994,187596,Navajo Technical University,www.navajotech.edu/,www.navajotech.edu/students/support-services
1997,187648,Eastern New Mexico University-Main Campus,www.enmu.edu/,www.enmu.edu/academics/academic-resources-services/accessibility-resources
1999,187745,Institute of American Indian and Alaska Native Culture and Arts Development,https://iaia.edu/,https://iaia.edu/student-success-center/disability-support-services/
2000,187897,New Mexico Highlands University,www.nmhu.edu/,www.nmhu.edu/campus-services/accessibility-services/
2004,187967,New Mexico Institute of Mining and Technology,www.nmt.edu/,https://www.nmt.edu/student-access-services.php
2006,187985,University of New Mexico-Main Campus,www.unm.edu/,arc.unm.edu/
2010,188030,New Mexico State University-Main Campus,www.nmsu.edu/,sas.nmsu.edu/
2012,188058,Northern New Mexico College,https://nnmc.edu/,https://nnmc.edu/home/student-gateway/accessibility-resource-center/
2021,188304,Western New Mexico University,www.wnmu.edu/,health.wnmu.edu/accessibility/students/
2081,190512,CUNY Bernard M Baruch College,www.baruch.cuny.edu/,www.baruch.cuny.edu/studentaffairs/ossd/disabilityServices.htm
2084,190549,CUNY Brooklyn College,www.brooklyn.cuny.edu/,www.brooklyn.edu/dosa/student-support-services/csds/
2085,190558,College of Staten Island CUNY,www.csi.cuny.edu/,www.csi.cuny.edu/csa/
2086,190567,CUNY City College,www.ccny.cuny.edu/,www.ccny.cuny.edu/accessability
2087,190576,CUNY Graduate School and University Center,www.gc.cuny.edu/,www.gc.cuny.edu/student-disability-services
2089,190594,CUNY Hunter College,www.hunter.cuny.edu/,www.hunter.cuny.edu/studentservices/access
2090,190600,CUNY John Jay College of Criminal Justice,www.jjay.cuny.edu/,www.jjay.cuny.edu/accessibility
2093,190637,CUNY Lehman College,www.lehman.edu/,www.lehman.edu/student-disability-services/
2094,190646,CUNY Medgar Evers College,https://www.mec.cuny.edu/,https://www.mec.cuny.edu/student-success/accessibility-and-accommodations-services/
2095,190655,CUNY New York City College of Technology,www.citytech.cuny.edu/,www.citytech.cuny.edu/accessibility/
2096,190664,CUNY Queens College,https://www.qc.cuny.edu/,www.qc.cuny.edu/sp/
2098,190682,CUNY School of Law,https://www.law.cuny.edu/,https://www.law.cuny.edu/students/disability-services-reasonable-accommodations/
2099,190691,CUNY York College,www.york.cuny.edu/,https://www.york.cuny.edu/student-development/csd
2109,191126,Fashion Institute of Technology,www.fitnyc.edu/,www.fitnyc.edu/fitable/
2232,196006,SUNY College of Technology at Alfred,www.alfredstate.edu/,https://www.alfredstate.edu/student-success-center/disability-services
2233,196015,SUNY College of Technology at Canton,www.canton.edu/,www.canton.edu/accessibility/
2234,196024,SUNY College of Technology at Delhi,www.delhi.edu/,www.delhi.edu/academics/academic-achievement-center/access-equity/index.php
2235,196033,SUNY College of Agriculture and Technology at Cobleskill,www.cobleskill.edu/,www.cobleskill.edu/academics/educational-support-services/accessability-resources/index.aspx
2236,196042,Farmingdale State College,www.farmingdale.edu/,https://www.farmingdale.edu/disability-services-center/
2237,196051,SUNY Morrisville,www.morrisville.edu/,www.morrisville.edu/accessibility-services
2238,196060,University at Albany,www.albany.edu/,www.albany.edu/disability/
2239,196079,Binghamton University,www.binghamton.edu/,www.binghamton.edu/ssd/
2240,196088,University at Buffalo,https://www.buffalo.edu/,https://www.buffalo.edu/studentlife/who-we-are/departments/accessibility.html
2241,196097,Stony Brook University,https://www.stonybrook.edu/,https://studentaffairs.stonybrook.edu/dss/index.html
2242,196103,SUNY College of Environmental Science and Forestry,www.esf.edu/,www.esf.edu/students/support/
2243,196112,SUNY Polytechnic Institute,www.sunypoly.edu/,www.sunypoly.edu/student-life/diversity-equity-inclusion/student-accessibility-services.html
2244,196121,SUNY Brockport,https://www.brockport.edu/,https://www.brockport.edu/life/accessibility_services/
2245,196130,SUNY Buffalo State University,https://suny.buffalostate.edu/,https://sas.buffalostate.edu/
2246,196149,State University of New York at Cortland,www2.cortland.edu/,www2.cortland.edu/offices/disability-resources/
2247,196158,SUNY at Fredonia,https://www.fredonia.edu/,www.fredonia.edu/tlc/dss
2248,196167,SUNY College at Geneseo,https://www.geneseo.edu/,https://www.geneseo.edu/accessibility-office
2249,196176,State University of New York at New Paltz,www.newpaltz.edu/,www.newpaltz.edu/drc/
2250,196185,SUNY Oneonta,https://suny.oneonta.edu/,https://suny.oneonta.edu/accessibility-resources
2251,196194,State University of New York at Oswego,https://www.oswego.edu/,https://www.oswego.edu/disability-services/
2252,196200,SUNY College at Potsdam,www.potsdam.edu/,www.potsdam.edu/studentlife/support/accommodative-services
2253,196219,SUNY at Purchase College,www.purchase.edu/,https://www.purchase.edu/offices/disability-resources/
2254,196228,SUNY College of Optometry,www.sunyopt.edu/,www.sunyopt.edu/pdfs/academics/StudentHandbook2015-16.pdf
2255,196237,SUNY Old Westbury,www.oldwestbury.edu/,www.oldwestbury.edu/academics/support/OSSD
2256,196246,SUNY College at Plattsburgh,https://www.plattsburgh.edu/,https://www.plattsburgh.edu/plattslife/student-support/accessibility-services.html
2257,196255,SUNY Downstate Health Sciences University,https://www.downstate.edu/,https://www.downstate.edu/education-training/student-affairs/disabled-student-services/index.html
2258,196264,Empire State University,www.sunyempire.edu/,www.sunyempire.edu/accessibility/
2259,196291,SUNY Maritime College,www.sunymaritime.edu/,www.sunymaritime.edu/student-life/academic-support-services/accessibility-services
2260,196307,Upstate Medical University,www.upstate.edu/,www.upstate.edu/currentstudents/support/disabilities/index.php
2275,197027,United States Merchant Marine Academy,https://www.usmma.edu/,https://www.usmma.edu/
2276,197036,United States Military Academy,www.westpoint.edu/,www.westpoint.edu/
2297,197869,Appalachian State University,https://www.appstate.edu/,https://odr.appstate.edu/
2324,198464,East Carolina University,https://www.ecu.edu/,https://accessibility.ecu.edu/
2326,198507,Elizabeth City State University,https://www.ecsu.edu/,https://www.ecsu.edu/student-life/accessibility.php
2329,198543,Fayetteville State University,https://www.uncfsu.edu/,https://www.uncfsu.edu/students-with-disabilities-services
2364,199102,North Carolina A & T State University,www.ncat.edu/,https://www.ncat.edu/provost/academic-affairs/accessibility-resources/index.php
2365,199111,University of North Carolina Asheville,https://unca.edu/,https://oaa.unca.edu/
2366,199120,University of North Carolina at Chapel Hill,https://www.unc.edu/,https://ars.unc.edu/
2367,199139,University of North Carolina at Charlotte,https://www.charlotte.edu/,https://ds.uncc.edu/
2368,199148,University of North Carolina at Greensboro,www.uncg.edu/,ods.uncg.edu/
2369,199157,North Carolina Central University,https://www.nccu.edu/,https://www.nccu.edu/sas
2371,199184,University of North Carolina School of the Arts,www.uncsa.edu/,https://www.uncsa.edu/mysa/current-students/academics/accessibility/index.aspx
2372,199193,North Carolina State University at Raleigh,www.ncsu.edu/,https://dro.dasa.ncsu.edu/
2374,199218,University of North Carolina Wilmington,www.uncw.edu/,www.uncw.edu/disability/
2377,199281,University of North Carolina at Pembroke,https://www.uncp.edu/,https://www.uncp.edu/departments/accessibility-resource-center
2415,199999,Winston-Salem State University,www.wssu.edu/,www.wssu.edu/about/offices-and-departments/department-of-disability-services/index.html
2416,200004,Western Carolina University,www.wcu.edu/,www.wcu.edu/learn/academic-services/disability-services/
2418,200022,Bismarck State College,https://bismarckstate.edu/,https://bismarckstate.edu/students/services/accessibility/
2419,200059,Dickinson State University,www.dickinsonstate.edu/,www.dickinsonstate.edu/disabilityservices
2420,200086,Nueta Hidatsa Sahnish College,www.nhsc.edu/,nhsc.edu/departments/student-services/
2426,200226,Mayville State University,www.mayvillestate.edu/,mayvillestate.edu/student-resources/student-success-center/disability-support-services/
2427,200253,Minot State University,www.minotstateu.edu/,www.minotstateu.edu/disability_services/
2428,200280,University of North Dakota,https://und.edu/,und.edu/student-life/disability-services/
2431,200332,North Dakota State University-Main Campus,https://www.ndsu.edu/,www.ndsu.edu/disabilityservices/
2433,200466,Sitting Bull College,https://www.sittingbull.edu/,https://sittingbull.edu/students/disability-services/
2437,200572,Valley City State University,www.vcsu.edu/,www.vcsu.edu/student-life/academic-support-services/disability-support-services/
2439,200697,Air Force Institute of Technology-Graduate School of Engineering & Management,www.afit.edu/,https://www.afit.edu/STUDENTSERVICES/
2441,200800,University of Akron Main Campus,www.uakron.edu/,www.uakron.edu/access/
2455,201432,Bowling Green State University-Firelands,https://www.firelands.bgsu.edu/,https://www.bgsu.edu/accessibility-services.html
2456,201441,Bowling Green State University-Main Campus,www.bgsu.edu/,https://www.bgsu.edu/accessibility-services.html
2464,201672,Central Ohio Technical College,www.cotc.edu/,www.cotc.edu/disability-services
2466,201690,Central State University,https://www.centralstate.edu/,https://www.centralstate.edu/academic-empowerment-accessibility
2471,201885,University of Cincinnati-Main Campus,www.uc.edu/,www.uc.edu/aess/disability.html
2472,201928,Cincinnati State Technical and Community College,www.cincinnatistate.edu/,www.cincinnatistate.edu/disability-services/
2473,201946,University of Cincinnati-Clermont College,www.ucclermont.edu/,www.ucclermont.edu/students/basic-student-resources/accessibility-resources.html
2474,201955,University of Cincinnati-Blue Ash College,www.ucblueash.edu/,www.ucblueash.edu/students/services/accessibility-resources.html
2476,201973,Clark State College,https://www.clarkstate.edu/,https://www.clarkstate.edu/academics/accessibility-services/
2479,202134,Cleveland State University,www.csuohio.edu/,www.csuohio.edu/disability/disability
2510,203447,Kent State University at Ashtabula,www.kent.edu/ashtabula,www.kent.edu/sas
2511,203456,Kent State University at East Liverpool,www.kent.edu/columbiana,www.kent.edu/sas
2512,203465,Kent State University at Stark,www.kent.edu/stark,www.kent.edu/sas
2513,203474,Kent State University at Trumbull,www.kent.edu/trumbull,www.kent.edu/sas
2514,203483,Kent State University at Tuscarawas,www.kent.edu/tusc,www.kent.edu/sas
2515,203492,Kent State University at Salem,www.kent.edu/columbiana,www.kent.edu/sas
2516,203517,Kent State University at Kent,www.kent.edu/,www.kent.edu/sas
2517,203526,Kent State University at Geauga,www.kent.edu/geauga,https://www.kent.edu/geauga/student-accessibility-services
2523,203678,James A. Rhodes State College,www.rhodesstate.edu/,www.rhodesstate.edu/testing-center-and-accommodative-services/accommodative-services.html
2526,203748,Lorain County Community College,https://www.lorainccc.edu/,https://www.lorainccc.edu/accessibility-services/
2530,203881,Marion Technical College,www.mtc.edu/,www.mtc.edu/disability-services/index.html
2534,204006,Miami University-Hamilton,miamioh.edu/regionals/,miamioh.edu/student-life/sds/
2535,204015,Miami University-Middletown,miamioh.edu/regionals/,miamioh.edu/student-life/sds/
2536,204024,Miami University-Oxford,miamioh.edu/,miamioh.edu/student-life/sds/
2543,204255,Zane State College,www.zanestate.edu/,https://www.zanestate.edu/about/accessibility-services/
2546,204422,North Central State College,https://www.ncstatecollege.edu/,https://ncstatecollege.edu/student-services/disability-services/
2551,204477,Northeast Ohio Medical University,www.neomed.edu/,https://www.neomed.edu/learningcenter/accommodations/
2558,204671,Ohio State University-Lima Campus,lima.osu.edu/,slds.osu.edu/
2559,204680,Ohio State University-Mansfield Campus,mansfield.osu.edu/,slds.osu.edu/
2560,204699,Ohio State University-Marion Campus,osumarion.osu.edu/,slds.osu.edu/
2561,204705,Ohio State University-Newark Campus,newark.osu.edu/,slds.osu.edu/
2566,204796,Ohio State University-Main Campus,www.osu.edu/,slds.osu.edu/
2567,204802,Ohio University-Eastern Campus,https://www.ohio.edu/eastern/,https://www.ohio.edu/accessibility
2568,204820,Ohio University-Chillicothe Campus,https://www.ohio.edu/chillicothe/,https://www.ohio.edu/accessibility
2569,204839,Ohio University-Southern Campus,https://www.ohio.edu/southern/,https://www.ohio.edu/accessibility
2570,204848,Ohio University-Lancaster Campus,https://www.ohio.edu/lancaster/,https://www.ohio.edu/accessibility
2571,204857,Ohio University-Main Campus,https://www.ohio.edu/,https://www.ohio.edu/accessibility
2572,204866,Ohio University-Zanesville Campus,https://www.ohio.edu/zanesville/,https://www.ohio.edu/accessibility
2589,205443,Shawnee State University,https://www.shawnee.edu/,www.shawnee.edu/offices/accessibility-services/
2590,205470,Sinclair Community College,www.sinclair.edu/,www.sinclair.edu/services/support/accessibility-services/
2599,206084,University of Toledo,www.utoledo.edu/,www.utoledo.edu/offices/accessibility-disability/
2609,206446,Washington State Community College,www.wscc.edu/,www.wscc.edu/current/student-support/disabilities-services/
2615,206604,Wright State University-Main Campus,www.wright.edu/,https://www.wright.edu/disability-services
2616,206613,Wright State University-Lake Campus,https://lake.wright.edu/,https://lake.wright.edu/campus-life/disability-services
2618,206695,Youngstown State University,https://ysu.edu/,https://ysu.edu/academic-success-center/accessibility-services
2623,206914,Cameron University,https://www.cameron.edu/,https://www.cameron.edu/student-development/disability-services
2626,206941,University of Central Oklahoma,https://www.uco.edu/,https://www.uco.edu/student-affairs/dss/
2628,207041,East Central University,https://www.ecok.edu/,www.ecok.edu/current-students/student-services/office-testing-and-accessibility-services
2634,207209,Langston University,www.langston.edu/,www.langston.edu/student-life/student-services/student-disability-services
2637,207263,Northeastern State University,https://www.nsuok.edu/,https://offices.nsuok.edu/studentaffairs/StudentServices/student_disability_services/default.aspx
2640,207306,Northwestern Oklahoma State University,www.nwosu.edu/,www.nwosu.edu/student-services
2641,207315,Oklahoma State University Center for Health Sciences,https://medicine.okstate.edu/,https://medicine.okstate.edu/com/student-life/disability-services.html
2643,207342,University of Oklahoma-Health Sciences Center,ouhsc.edu/,www.ou.edu/drc.html
2644,207351,Oklahoma Panhandle State University,www.opsu.edu/,www.opsu.edu/Offices/Student_Services/?page=Accommodations
2645,207388,Oklahoma State University-Main Campus,www.okstate.edu/,sds.okstate.edu/
2646,207397,Oklahoma State University-Oklahoma City,www.osuokc.edu/,www.osuokc.edu/disability/
2650,207500,University of Oklahoma-Norman Campus,www.ou.edu/,www.ou.edu/adrc
2651,207564,Oklahoma State University Institute of Technology,https://osuit.edu/,https://osuit.edu/accommodations/index.php
2653,207661,Rogers State University,https://www.rsu.edu/,https://www.rsu.edu/campus-life/student-resources/disability-services/
2656,207722,University of Science and Arts of Oklahoma,https://usao.edu/,https://usao.edu/student-life/student-services/disability-services/index.html
2659,207847,Southeastern Oklahoma State University,www.se.edu/,www.se.edu/ada/
2661,207865,Southwestern Oklahoma State University,https://www.swosu.edu/,https://bulldog.swosu.edu/student-services/dean-students/ada.php
2670,208390,Chemeketa Community College,www.chemeketa.edu/,https://www.chemeketa.edu/students/student-services/student-accessibility-services/
2677,208646,Eastern Oregon University,www.eou.edu/,https://www.eou.edu/disability/
2689,209250,Mt Hood Community College,www.mhcc.edu/,www.mhcc.edu/DSO/
2693,209490,Oregon Health & Science University,www.ohsu.edu/,www.ohsu.edu/education/office-student-access
2694,209506,Oregon Institute of Technology,https://www.oit.edu/,www.oit.edu/academics/ssc/disability-services
2695,209542,Oregon State University,https://oregonstate.edu/,https://ds.oregonstate.edu/
2696,209551,University of Oregon,https://www.uoregon.edu/,https://aec.uoregon.edu/
2705,209807,Portland State University,www.pdx.edu/,www.pdx.edu/drc
2709,210146,Southern Oregon University,www.sou.edu/,https://inside.sou.edu/dr/index.html
2717,210429,Western Oregon University,https://wou.edu/,https://wou.edu/disabilityservices/
2749,211608,Cheyney University of Pennsylvania,https://www.cheyney.edu/,https://cheyney.edu/ada/
2759,212115,East Stroudsburg University of Pennsylvania,https://www.esu.edu/,https://www.esu.edu/oasis/index.cfm
2788,213020,Indiana University of Pennsylvania-Main Campus,www.iup.edu/,www.iup.edu/disabilitysupport/
2796,213349,Kutztown University of Pennsylvania,https://www.kutztown.edu/,https://www.kutztown.edu/about-ku/administrative-offices/disability-services-(dso).html
2812,213598,Lincoln University,www.lincoln.edu/,www.lincoln.edu/human-resources/office-institutional-equity/accessibility-services-program/index.html
2824,214041,Millersville University of Pennsylvania,www.millersville.edu/,www.millersville.edu/learningservices/
2838,214591,Pennsylvania State University-Penn State Erie-Behrend College,https://behrend.psu.edu/,https://behrend.psu.edu/student-life/educational-equity-and-diversity/students-with-disabilities-and-learning-differences
2839,214607,Pennsylvania State University-Penn State Great Valley,https://greatvalley.psu.edu/,https://greatvalley.psu.edu/disability-resources
2840,214625,Pennsylvania State University-Penn State New Kensington,https://newkensington.psu.edu/,https://newkensington.psu.edu/academics/success-center-overview/learning-center-resources/disability-services
2841,214634,Pennsylvania State University-Penn State Shenango,https://shenango.psu.edu/,https://shenango.psu.edu/student-life/disability-services
2842,214643,Pennsylvania State University-Penn State Wilkes-Barre,https://wilkesbarre.psu.edu/,https://wilkesbarre.psu.edu/disability-services
2843,214652,Pennsylvania State University-Penn State Scranton,https://scranton.psu.edu/,https://scranton.psu.edu/student-services/disability
2845,214670,Pennsylvania State University-Penn State Lehigh Valley,https://lehighvalley.psu.edu/,https://lehighvalley.psu.edu/student-life/student-support-services/disability-services
2846,214689,Pennsylvania State University-Penn State Altoona,https://altoona.psu.edu/,https://altoona.psu.edu/offices-divisions/student-affairs/health-wellness/student-disability-resources
2847,214698,Pennsylvania State University-Penn State Beaver,https://beaver.psu.edu/,https://beaver.psu.edu/academics/achievement/disability/services
2848,214704,Pennsylvania State University-Penn State Berks,https://berks.psu.edu/,https://berks.psu.edu/student-disability-resources
2849,214713,Pennsylvania State University-Penn State Harrisburg,https://harrisburg.psu.edu/,https://harrisburg.psu.edu/student-disability-resources
2850,214731,Pennsylvania State University-Penn State Brandywine,https://www.brandywine.psu.edu/,https://www.brandywine.psu.edu/academics/academic-support/student-disability-resources
2851,214740,Pennsylvania State University-Penn State DuBois,https://dubois.psu.edu/,https://dubois.psu.edu/OSDR-Home
2852,214759,Pennsylvania State University-Penn State Fayette- Eberly,https://fayette.psu.edu/,https://fayette.psu.edu/campus-life/health-and-wellness-services/disability-services
2853,214768,Pennsylvania State University-Penn State Hazleton,https://hazleton.psu.edu/,https://hazleton.psu.edu/student-disability-resources
2854,214777,Pennsylvania State University-Main Campus,https://www.psu.edu/,https://equity.psu.edu/student-disability-resources
2855,214786,Pennsylvania State University-Penn State Greater Allegheny,https://greaterallegheny.psu.edu/,https://greaterallegheny.psu.edu/disability-services
2856,214795,Pennsylvania State University-Penn State Mont Alto,https://montalto.psu.edu/,https://montalto.psu.edu/asc/service/student-disability-resources
2857,214801,Pennsylvania State University-Penn State Abington,https://www.abington.psu.edu/,https://www.abington.psu.edu/disability-services
2858,214810,Pennsylvania State University-Penn State Schuylkill,https://schuylkill.psu.edu/,https://schuylkill.psu.edu/campus-life/student-services/disability-services
2859,214829,Pennsylvania State University-Penn State York,https://www.york.psu.edu/,https://www.york.psu.edu/academics/support/disability
2872,215266,University of Pittsburgh-Bradford,https://www.upb.pitt.edu/,https://www.upb.pitt.edu/drs/
2873,215275,University of Pittsburgh-Greensburg,www.greensburg.pitt.edu/,www.greensburg.pitt.edu/student-resources/disability-resources
2874,215284,University of Pittsburgh-Johnstown,www.upj.pitt.edu/,www.johnstown.pitt.edu/health-and-counseling-services/disability-services
2875,215293,University of Pittsburgh-Pittsburgh Campus,www.pitt.edu/,www.studentaffairs.pitt.edu/drs
2902,216010,Shippensburg University of Pennsylvania,www.ship.edu/,https://www.ship.edu/oar/
2903,216038,Slippery Rock University of Pennsylvania,https://www.sru.edu/,https://www.sru.edu/offices/students-with-disabilities-office-for
2913,216339,Temple University,www.temple.edu/,disabilityresources.temple.edu/
2930,216764,West Chester University of Pennsylvania,https://www.wcupa.edu/,https://www.wcupa.edu/universityCollege/OEA/
2948,217420,Rhode Island College,www.ric.edu/,www.ric.edu/department-directory/disability-services-center
2950,217484,University of Rhode Island,https://web.uri.edu/,https://web.uri.edu/disability/
2965,217819,College of Charleston,https://www.cofc.edu/,https://disabilityservices.cofc.edu/
2968,217864,Citadel Military College of South Carolina,https://citadel.edu/,https://www.citadel.edu/root/ssc-disability-services
2970,217882,Clemson University,www.clemson.edu/,https://www.clemson.edu/academics/studentaccess/
2979,218061,Francis Marion University,www.fmarion.edu/,https://www.fmarion.edu/counselingandtesting/#disabilityservices
2981,218113,Greenville Technical College,www.gvltec.edu/,www.gvltec.edu/student_resources/student_support/disability_services/index.html
2985,218229,Lander University,https://www.lander.edu/,https://www.lander.edu/campus-life/wellness-center/disability-services.html
2987,218335,Medical University of South Carolina,https://web.musc.edu/,https://web.musc.edu/about/leadership/institutional-offices/equity/federal-and-state-compliance/ada-resources
2995,218645,University of South Carolina Aiken,www.usca.edu/,www.usca.edu/disability-services
2996,218654,University of South Carolina Beaufort,www.uscb.edu/,campuslife.uscb.edu/
2997,218663,University of South Carolina-Columbia,www.sc.edu/,sc.edu/about/offices_and_divisions/student_disability_resource_center/
3002,218724,Coastal Carolina University,https://www.coastal.edu/,https://www.coastal.edu/disabilityservices/
3003,218733,South Carolina State University,https://scsu.edu/,https://scsu.edu/student-support-services/
3004,218742,University of South Carolina-Upstate,www.uscupstate.edu/,https://www.uscupstate.edu/campus-life/disability-services/
3013,218964,Winthrop University,www.winthrop.edu/,https://www.winthrop.edu/student-affairs/accessibility/
3018,219046,Black Hills State University,www.bhsu.edu/,www.bhsu.edu/Student-Life/Student-Services/Disability-Services
3019,219082,Dakota State University,https://dsu.edu/,https://dsu.edu/student-life/disability-services/index.html
3028,219259,Northern State University,www.northern.edu/,https://northern.edu/student-life/health-wellness/student-accessibility-services
3029,219277,Oglala Lakota College,www.olc.edu/,www.olc.edu/current-students/student-resources/ada-policies-disability-services/
3032,219347,South Dakota School of Mines and Technology,https://www.sdsmt.edu/,www.sdsmt.edu/Campus-Life/Student-Support/Disability-Services/
3033,219356,South Dakota State University,https://www.sdstate.edu/,https://www.sdstate.edu/disability-services
3034,219374,Sinte Gleska University,www.sintegleska.edu/,www.sintegleska.edu/
3037,219408,Sisseton Wahpeton College,https://www.swcollege.edu/,https://www.swcollege.edu/index.php/cid/190-campus-academic-policies-and-procedures-2016/236-financial-aid-policy
3040,219471,University of South Dakota,https://www.usd.edu/,https://www.usd.edu/About/Departments Offices and Resources/Disability Services
3045,219602,Austin Peay State University,www.apsu.edu/,www.apsu.edu/disability
3064,220075,East Tennessee State University,https://www.etsu.edu/,https://www.etsu.edu/students/ds/
3086,220701,The University of Tennessee Southern,https://www.utsouthern.edu/,https://utsouthern.edu/consumer-information/
3092,220862,University of Memphis,https://www.memphis.edu/,https://www.memphis.edu/drs/
3094,220978,Middle Tennessee State University,www.mtsu.edu/,www.mtsu.edu/dac/index.php
3120,221740,The University of Tennessee-Chattanooga,utc.edu/,utc.edu/drc
3121,221759,The University of Tennessee-Knoxville,www.utk.edu/,sds.utk.edu/
3122,221768,The University of Tennessee-Martin,https://www.utm.edu/,https://www.utm.edu/offices-and-services/accessibility-resource-center/
3124,221838,Tennessee State University,www.tnstate.edu/,www.tnstate.edu/disabilityservices
3125,221847,Tennessee Technological University,www.tntech.edu/,www.tntech.edu/disability/
3140,222831,Angelo State University,www.angelo.edu/,https://www.angelo.edu/services/disability-services/
3145,222992,Austin Community College District,www.austincc.edu/,www.austincc.edu/support-and-services/services-for-students/student-accessibility-services-and-assistive-technology
3156,223506,Brazosport College,www.brazosport.edu/,www.brazosport.edu/disabilityservices/
3164,224147,Texas A & M University-Corpus Christi,https://www.tamucc.edu/,https://www.tamucc.edu/disability-services/
3171,224350,Del Mar College,www.delmar.edu/,www.delmar.edu/offices/access/index.html
3173,224545,Texas A&M University-Texarkana,www.tamut.edu/,https://www.tamut.edu/student-affairs/disability-services.html
3174,224554,Texas A & M University-Commerce,www.tamuc.edu/,www.tamuc.edu/student-disability-services/?source=universalmenu
3175,224615,Dallas College,www.dallascollege.edu/pages/default.aspx,www.dallascollege.edu/resources/accessibility-services/pages/default.aspx
3184,224961,Galveston College,https://www.gc.edu/,https://gc.edu/students/advising-and-counseling-center/students-with-special-needs.php
3186,225070,Grayson College,grayson.edu/,grayson.edu/gettingstarted/advising/Students with Disabilities.html
3189,225308,Trinity Valley Community College,www.tvcc.edu/,www.tvcc.edu/Cardinal-Success-Center/category.aspx?z=614
3192,225414,University of Houston-Clear Lake,www.uhcl.edu/,www.uhcl.edu/disability-services/
3193,225423,Houston Community College,www.hccs.edu/,www.hccs.edu/support-services/ability-services/
3194,225432,University of Houston-Downtown,www.uhd.edu/,www.uhd.edu/student-life/disability/Pages/disability-index.aspx
3195,225502,University of Houston-Victoria,uhv.edu/,uhv.edu/disability-services
3196,225511,University of Houston,www.uh.edu/,uh.edu/accessibility/
3205,226091,Lamar University,www.lamar.edu/,www.lamar.edu/disability-resource-center/
3209,226134,Laredo College,www.laredo.edu/,www.laredo.edu/cms/LCC/Student_Services/Special_Services_Center/Special_Services_Center/
3210,226152,Texas A & M International University,www.tamiu.edu/,www.tamiu.edu/disability/
3215,226408,College of the Mainland,www.com.edu/,www.com.edu/counseling/disability-services
3220,226806,Midland College,www.midland.edu/,www.midland.edu/services-resources/accommodation-services.php
3221,226833,Midwestern State University,www.msutexas.edu/,msutexas.edu/student-life/disability/
3226,227146,Navarro College,www.navarrocollege.edu/,www.navarrocollege.edu/disability/index.html
3227,227182,Lone Star College System,www.lonestar.edu/,www.lonestar.edu/disability-services.htm
3228,227216,University of North Texas,www.unt.edu/,disability.unt.edu/
3232,227304,Odessa College,www.odessa.edu/,https://www.odessa.edu/current-students/disabilities/
3236,227368,The University of Texas Rio Grande Valley,www.utrgv.edu/,www.utrgv.edu/accessibility/index.htm
3241,227526,Prairie View A & M University,www.pvamu.edu/,www.pvamu.edu/disabilityservices/
3248,227881,Sam Houston State University,www.shsu.edu/,www.shsu.edu/dept/disability/
3249,227924,San Antonio College,www.alamo.edu/sac,www.alamo.edu/sac/about-sac/college-offices/disability-support-services/
3250,227979,San Jacinto Community College,www.sanjac.edu/,https://www.sanjac.edu/support/accessibility
3264,228431,Stephen F Austin State University,https://www.sfasu.edu/,https://www.sfasu.edu/disabilityservices/
3265,228459,Texas State University,https://www.txst.edu/,https://www.ods.txst.edu/
3268,228501,Sul Ross State University,www.sulross.edu/,www.sulross.edu/counseling-and-accessibility-services/
3269,228529,Tarleton State University,www.tarleton.edu/,www.tarleton.edu/disability/
3272,228635,University of Texas Southwestern Medical Center,www.utsouthwestern.edu/,www.utsouthwestern.edu/education/student-services/academic-support/
3273,228644,The University of Texas Health Science Center at San Antonio,www.uthscsa.edu/,uthscsa.edu/eeo/index.asp
3274,228653,The University of Texas Medical Branch at Galveston,https://www.utmb.edu/,https://www.utmb.edu/studentservices/services/students-with-disabilities
3276,228705,Texas A & M University-Kingsville,https://www.tamuk.edu/,www.tamuk.edu/drc/
3277,228723,Texas A & M University-College Station,https://www.tamu.edu/,https://disability.tamu.edu/
3279,228769,The University of Texas at Arlington,https://www.uta.edu/,www.uta.edu/disability/
3280,228778,The University of Texas at Austin,https://www.utexas.edu/,https://diversity.utexas.edu/disability/
3281,228787,The University of Texas at Dallas,www.utdallas.edu/,studentaccess.utdallas.edu/
3282,228796,The University of Texas at El Paso,https://www.utep.edu/,https://www.utep.edu/student-affairs/cass/
3283,228802,The University of Texas at Tyler,https://www.uttyler.edu/,https://www.uttyler.edu/accessibility/disability-resources/
3287,228909,University of North Texas Health Science Center,www.unthsc.edu/,www.unthsc.edu/students/office-of-disability-access/
3289,229018,The University of Texas Permian Basin,https://www.utpb.edu/,https://www.utpb.edu/academics/advising-and-support/accomodations/services-for-students-with-disabilities
3290,229027,The University of Texas at San Antonio,www.utsa.edu/,www.utsa.edu/disability/
3291,229063,Texas Southern University,www.tsu.edu/,www.tsu.edu/students-services/departments/disability-services/
3293,229115,Texas Tech University,www.ttu.edu/,www.depts.ttu.edu/sds/
3295,229179,Texas Woman's University,www.twu.edu/,https://www.twu.edu/disability-services/
3297,229300,The University of Texas Health Science Center at Houston,www.uth.edu/,https://www.uth.edu/hr/department/equal-opportunity/disability-accomodation.htm
3298,229337,Texas Tech University Health Sciences Center,https://www.ttuhsc.edu/,https://www.ttuhsc.edu/disability/default.aspx
3299,229355,Tyler Junior College,www.tjc.edu/,www.tjc.edu/disabilities
3308,229799,Weatherford College,https://www.wc.edu/,https://wc.edu/current-students/disabilities-accommodation/apply-for-services.php
3309,229814,West Texas A & M University,https://www.wtamu.edu/,https://www.wtamu.edu/student-support/disability-services/index.html
3319,230171,Utah Tech University,utahtech.edu/,drcenter.utahtech.edu/
3326,230597,Snow College,https://www.snow.edu/,https://www.snow.edu/offices/ADA/index.html
3327,230603,Southern Utah University,https://www.suu.edu/,https://www.suu.edu/disabilityservices/index.html
3329,230728,Utah State University,https://www.usu.edu/,https://www.usu.edu/drc/
3330,230737,Utah Valley University,www.uvu.edu/,https://www.uvu.edu/accessibility/
3332,230764,University of Utah,www.utah.edu/,disability.utah.edu/
3333,230782,Weber State University,https://www.weber.edu/,www.weber.edu/ssd
3336,230834,Castleton University, , 
3340,230913,Northern Vermont University, , 
3349,231165,Vermont State University,vermontstate.edu/,vermontstate.edu/academics/student-success/disability-services/
3350,231174,University of Vermont,www.uvm.edu/,uvm.edu/academicsuccess/student_accessibility_services
3357,231624,William & Mary,https://www.wm.edu/,https://www.wm.edu/offices/deanofstudents/services/studentaccessibilityservices/students/index.php
3361,231712,Christopher Newport University,https://cnu.edu/,https://cnu.edu/life/accessibility-support/
3365,231970,Eastern Virginia Medical School,www.evms.edu/,www.evms.edu/education/resources/disability_guide_for_students/
3371,232186,George Mason University,https://www2.gmu.edu/,ds.gmu.edu/
3377,232423,James Madison University,www.jmu.edu/,https://www.jmu.edu/ods/
3380,232566,Longwood University,www.longwood.edu/,www.longwood.edu/accessibility/
3385,232681,University of Mary Washington,https://www.umw.edu/,https://academics.umw.edu/disability/
3393,232937,Norfolk State University,www.nsu.edu/,https://www.nsu.edu/Campus-Life/Services-Resources/Disability-Services
3395,232982,Old Dominion University,www.odu.edu/,https://www.odu.edu/educationalaccessibility
3400,233277,Radford University,https://www.radford.edu/,https://www.radford.edu/cas
3423,233897,University of Virginia's College at Wise,https://www.uvawise.edu/,https://www.uvawise.edu/college-life/campus/diversity-inclusion/disability-services
3425,233921,Virginia Polytechnic Institute and State University,www.vt.edu/,www.ssd.vt.edu/index.html
3427,234030,Virginia Commonwealth University,https://www.vcu.edu/,https://saeo.vcu.edu/
3428,234076,University of Virginia-Main Campus,https://www.virginia.edu/,https://studenthealth.virginia.edu/sdac
3429,234085,Virginia Military Institute,www.vmi.edu/,www.vmi.edu/academics/support/disabilities-services/
3432,234155,Virginia State University,www.vsu.edu/,www.vsu.edu/student-life/support-and-resources/students-with-disabilities/index.php
3437,234669,Bellevue College,https://bellevuecollege.edu/,https://bellevuecollege.edu/drc
3438,234696,Bellingham Technical College,https://www.btc.edu/,https://www.btc.edu/AR
3439,234711,Big Bend Community College,https://www.bigbend.edu/,https://www.bigbend.edu/academics/accommodation-accessibility-services/
3440,234827,Central Washington University,www.cwu.edu/,www.cwu.edu/student-life/student-support/disability-services/
3441,234845,Centralia College,www.centralia.edu/,www.centralia.edu/resources/disabilities.aspx
3444,234933,Clark College,https://www.clark.edu/,www.clark.edu/campus-life/student-support/disability_support/
3445,234951,Clover Park Technical College,www.cptc.edu/,www.cptc.edu/disabilities/student
3446,234979,Columbia Basin College,www.columbiabasin.edu/,www.columbiabasin.edu/index.aspx?page=851
3449,235097,Eastern Washington University,www.ewu.edu/,https://inside.ewu.edu/sass
3450,235103,Edmonds College,www.edmonds.edu/,www.edmonds.edu/student-services/services-for-students-with-disabilities/
3451,235149,Everett Community College,www.everettcc.edu/,www.everettcc.edu/students/cds
3452,235167,The Evergreen State College,https://www.evergreen.edu/,https://www.evergreen.edu/offices-services/access-services-for-students-with-disabilities
3453,235237,Pierce College District,www.pierce.ctc.edu/,www.pierce.ctc.edu/ads
3456,235334,Grays Harbor College,www.ghc.edu/,www.ghc.edu/dss
3457,235343,Green River College,https://www.greenriver.edu/,www.greenriver.edu/student-affairs/disability-support-services.htm
3460,235431,Highline College,www.highline.edu/,https://access.highline.edu/
3465,235699,Lake Washington Institute of Technology,https://www.lwtech.edu/,https://www.lwtech.edu/campus-life/disability-support/
3466,235750,Lower Columbia College,https://lowercolumbia.edu/,https://lowercolumbia.edu/disability/
3468,236072,North Seattle College,www.northseattle.edu/,https://northseattle.edu/disability-services
3470,236188,Olympic College,www.olympic.edu/,www.olympic.edu/services/access-services-students-disabilities
3473,236258,Peninsula College,www.pencol.edu/,www.pencol.edu/SSD
3475,236382,Renton Technical College,www.rtc.edu/,www.rtc.edu/disability-resource-services
3477,236504,South Seattle College,southseattle.edu/,https://southseattle.edu/disability-services
3478,236513,Seattle Central College,seattlecentral.edu/,https://seattlecentral.edu/campus-life/student-support-and-services/disability-support
3482,236638,Skagit Valley College,www.skagit.edu/,www.skagit.edu/disability-access-services/
3484,236692,Spokane Community College,https://scc.spokane.edu/,https://scc.spokane.edu/Resources/DisabilityServices.aspx
3485,236708,Spokane Falls Community College,https://sfcc.spokane.edu/,https://sfcc.spokane.edu/For-Our-Students/Student-Resources/Disability-Support-Services
3487,236753,Tacoma Community College,https://www.tacomacc.edu/,https://www.tacomacc.edu/academics-programs/academic-support/access-services/access_services
3488,236887,Walla Walla Community College,https://www.wwcc.edu/,https://www.wwcc.edu/current-students/disability-services/
3490,236939,Washington State University,https://wsu.edu/,https://accesscenter.wsu.edu/
3491,236948,University of Washington-Seattle Campus,https://www.washington.edu/,https://depts.washington.edu/uwdrs/
3492,236975,Wenatchee Valley College,www.wvc.edu/,www.wvc.edu/admissions/support/disability-services/
3493,237011,Western Washington University,wwu.edu/,wwu.edu/drs/
3494,237039,Whatcom Community College,whatcom.edu/,www.whatcom.edu/current-students/access-disability-services
3497,237109,Yakima Valley College,https://www.yvcc.edu/,https://www.yvcc.edu/services/dss/
3504,237215,Bluefield State University,https://bluefieldstate.edu/,https://bluefieldstate.edu/resources/academic-success-center/ada-accommodations
3509,237330,Concord University,https://www.concord.edu/,https://www.concord.edu/Student-Life/Student-Health-Wellness/Disability-Services.aspx
3511,237367,Fairmont State University,https://www.fairmontstate.edu/,https://www.fairmontstate.edu/student-services/accessibility
3512,237385,Glenville State University,www.glenville.edu/,www.glenville.edu/academics/disability_services.php
3516,237525,Marshall University,https://www.marshall.edu/,https://www.marshall.edu/disability/
3521,237686,West Virginia University at Parkersburg,www.wvup.edu/,https://www.wvup.edu/current-students/services/student-support-services/#Disabilities
3522,237701,Potomac State College of West Virginia University,www.potomacstatecollege.edu/,https://www.potomacstatecollege.edu/about/office-of-accessibility-services
3525,237792,Shepherd University,www.shepherd.edu/,www.shepherd.edu/accessibility
3528,237880,West Virginia School of Osteopathic Medicine,www.wvsom.edu/,www.wvsom.edu/hr/student-accommodations
3529,237899,West Virginia State University,www.wvstateu.edu/,www.wvstateu.edu/Current-Students/Counseling-and-Academic-Support-Services/Disability-Services.aspx
3531,237932,West Liberty University,www.westliberty.edu/,westliberty.edu/lsdc/accessibility-services/
3532,237950,West Virginia University Institute of Technology,www.wvutech.edu/,https://accessibilityservices.wvu.edu/home
3538,238032,West Virginia University,www.wvu.edu/,accessibilityservices.wvu.edu/
3543,238263,Madison Area Technical College,madisoncollege.edu/,https://madisoncollege.edu/disability-resource-services
3582,240189,University of Wisconsin-Whitewater,www.uww.edu/,www.uww.edu/csd
3585,240268,University of Wisconsin-Eau Claire,www.uwec.edu/,www.uwec.edu/equity-diversity-inclusion/edi-services-programs/services-for-students-with-disabilities/
3586,240277,University of Wisconsin-Green Bay,www.uwgb.edu/,www.uwgb.edu/ds/
3587,240329,University of Wisconsin-La Crosse,www.uwlax.edu/,https://www.uwlax.edu/center/access/
3589,240365,University of Wisconsin-Oshkosh,https://www.uwosh.edu/,https://uwosh.edu/deanofstudents/accessibility-center/
3590,240374,University of Wisconsin-Parkside,https://www.uwp.edu/,https://www.uwp.edu/live/offices/accessibilityservices/
3592,240417,University of Wisconsin-Stout,www.uwstout.edu/,www.uwstout.edu/life-stout/student-services/disability-services
3593,240426,University of Wisconsin-Superior,https://www.uwsuper.edu/,https://www.uwsuper.edu/academics/academic-support/educational-success-center/services-and-programs/disability-support-services/
3595,240444,University of Wisconsin-Madison,www.wisc.edu/,https://mcburney.wisc.edu/
3596,240453,University of Wisconsin-Milwaukee,uwm.edu/,uwm.edu/arc/
3597,240462,University of Wisconsin-Platteville,https://www.uwplatt.edu/,https://www.uwplatt.edu/department/center-distance-learning/disability-services
3598,240471,University of Wisconsin-River Falls,https://www.uwrf.edu/,https://www.uwrf.edu/DRC/
3599,240480,University of Wisconsin-Stevens Point,https://www.uwsp.edu/,https://www.uwsp.edu/disability/Pages/default.aspx
3601,240514,Central Wyoming College,https://www.cwc.edu/,www.cwc.edu/studentservices/disabilities-support/
3603,240620,Laramie County Community College,https://www.lccc.wy.edu/,https://www.lccc.wy.edu/services/disability/index.aspx
3604,240657,Northwest College,www.nwc.edu/,www.nwc.edu/services/disability
3606,240693,Western Wyoming Community College,https://www.westernwyoming.edu/,https://www.westernwyoming.edu/student-life/campus-amenities/wellbeing-accessibility/accessibility-disability.php
3609,240727,University of Wyoming,https://www.uwyo.edu/,https://www.uwyo.edu/udss/
3610,240736,American Samoa Community College,www.amsamoa.edu/,www.amsamoa.edu/studentservices.html
3611,240745,Guam Community College,www.guamcc.edu/,guamcc.edu/student-life/accommodative-services
3612,240754,University of Guam,https://www.uog.edu/,https://www.uog.edu/administration/administration-finance/human-resources/eeoadatitle-ix-office#Documents--Resources
3613,240790,Northern Marianas College,www.marianas.edu/,www.marianas.edu/disability-support
3630,241720,Colegio Universitario de San Juan,www.cunisanjuan.edu/,www.cunisanjuan.edu/
3632,241766,Puerto Rico Conservatory of Music,cmpr.edu/,cmpr.edu/estudiantes/
3636,241951,Escuela de Artes Plasticas y Diseno de Puerto Rico,www.eap.edu/,https://www.eap.edu/estudiantiles/servicios-a-estudiantes-con-impedimentos/
3661,243106,University of Puerto Rico-Aguadilla,https://www.uprag.edu/,https://www.uprag.edu/servicio-a-estudiantes-con-impedimentos/
3662,243115,University of Puerto Rico-Arecibo,www.upra.edu/,upra.edu/estudiantes/osei
3663,243133,University of Puerto Rico-Bayamon,www.uprb.edu/,www.uprb.edu/contactanos/decanato-de-asuntos-estudiantiles/estudiantes-universitarios-con-impedimentos-oseui/
3664,243142,University of Puerto Rico-Carolina,www.uprc.edu/,www.uprc.edu/oficina-de-servicios-a-estudiantes-con-impedimentos-osei-y-ley-51/
3665,243151,University of Puerto Rico at Cayey,www.cayey.upr.edu/,https://www.cayey.upr.edu/centro-interdisciplinario-de-desarrollo-estudiantil/oficina-de-servicios-a-estudiantes-con-impedimentos/
3667,243179,University of Puerto Rico-Humacao,www.upr.edu/humacao/,www.upr.edu/humacao/osei/
3668,243188,University of Puerto Rico-Utuado,www.uprutuado.edu/,www.uprutuado.edu/decanato-estudiantil/oficina-de-servicios-para-estudiantes-con-impedimentos/
3669,243197,University of Puerto Rico-Mayaguez,https://www.uprm.edu/,https://www.uprm.edu/oseirum/
3670,243203,University of Puerto Rico-Medical Sciences,www.rcm.upr.edu/,de.rcm.upr.edu/servicios-al-estudiante-con-impedimentos/contactenos/
3671,243212,University of Puerto Rico at Ponce,www.uprp.edu/,https://www.uprp.edu/articulos/estudiantiles/osei/
3672,243221,University of Puerto Rico-Rio Piedras,https://www.uprrp.edu/,https://estudiantes.uprrp.edu/servicios-al-estudiante/osei/
3680,243638,College of Micronesia-FSM,www.comfsm.fm/,www.comfsm.fm/?q=Special-Assistance-of-Students-with-Disabilities
3682,243665,University of the Virgin Islands,www.uvi.edu/,www.uvi.edu/student-life/student-affairs/counseling-career-svc/counseling/counseling_services-student_disability_services.aspx
3684,243780,Purdue University-Main Campus,https://www.purdue.edu/,https://www.purdue.edu/drc/
3729,247834,Collin County Community College District,www.collin.edu/,www.collin.edu/studentresources/disabilityservices/
3752,260372,Lac Courte Oreilles Ojibwe University,www.lco.edu/,www.lco.edu/student-right-to-know
3767,262086,University of Massachusetts Global,www.umassglobal.edu/,www.umassglobal.edu/why-umassglobal/dedicated-support-services/accessible-education
3768,262129,New College of Florida,www.ncf.edu/,www.ncf.edu/departments/advocacy-accessibility/
3786,364016,Paradise Valley Community College,https://www.paradisevalley.edu/,www.paradisevalley.edu/students/disability-resources
3811,366252,Pennsylvania College of Technology,https://www.pct.edu/,https://www.pct.edu/student-life/disability-services
3815,366340,Stone Child College,www.stonechild.edu/,www.stonechild.edu/
3827,366711,California State University-San Marcos,www.csusm.edu/,www.csusm.edu/dss/
3911,376695,College of the Marshall Islands,https://www.cmi.edu/,www.cmi.edu/
3922,377555,University of Washington-Bothell Campus,https://www.uwb.edu/,https://www.uwb.edu/student-affairs/drs
3923,377564,University of Washington-Tacoma Campus,https://www.tacoma.uw.edu/,https://www.tacoma.uw.edu/drs
3937,380359,Bay Mills Community College,www.bmcc.edu/,www.bmcc.edu/admissions/admissions/disability-student-services
3938,380368,Fond du Lac Tribal and Community College,www.fdltcc.edu/,fdltcc.edu/student-support/disability-services/
3939,380377,Northwest Indian College,www.nwic.edu/,https://www.nwic.edu/student-life/#Accommodations
4063,409315,South Texas College,https://www.southtexascollege.edu/,https://studentservices.southtexascollege.edu/disability/
4068,409698,California State University-Monterey Bay,https://csumb.edu/,https://csumb.edu/sdac
4100,416801,The University of Texas MD Anderson Cancer Center,www.mdanderson.org/,sph.uth.edu/current-students/student-life-and-resources/student-disability-accommodations/
4277,433174,Carolinas College of Health Sciences,www.carolinascollege.edu/,www.carolinascollege.edu/
4281,433660,Florida Gulf Coast University,www.fgcu.edu/,https://www.fgcu.edu/adaptive/
4296,434584,Ilisagvik College,www.ilisagvik.edu/,www.ilisagvik.edu/current-students/disability-accommodations/
4303,435000,Louisiana State University Health Sciences Center-Shreveport,https://www.lsuhs.edu/,https://lsuhs.navexone.com/content/dotNet/documents/?docid=565&public=true
4315,436818,University of Connecticut-Waterbury Campus,https://waterbury.uconn.edu/,https://csd.uconn.edu/
4316,436827,University of Connecticut-Avery Point,https://averypoint.uconn.edu/,https://csd.uconn.edu/
4317,436836,University of Connecticut-Stamford,https://stamford.uconn.edu/,https://csd.uconn.edu/
4346,439190,Cascadia College,www.cascadia.edu/,www.cascadia.edu/advising/disability.aspx
4386,440828,Oregon State University-Cascades Campus,https://osucascades.edu/,https://osucascades.edu/student-resources/services-students-disabilities
4388,440916,Southern University Law Center,www.sulc.edu/,www.sulc.edu/current-students/academic-accommodation-guidelines
4423,441900,Nevada State University,https://nsc.edu/,nsc.edu/academics/disability-resource-center/
4424,441937,California State University-Channel Islands,www.csuci.edu/,www.csuci.edu/dass/
4438,442569,University of Arkansas Grantham,https://www.uagrantham.edu/,https://www.uagrantham.edu/student-support/information-for-students-with-disabilities/
4533,445188,University of California-Merced,ucmerced.edu/,disabilityservices.ucmerced.edu/
4601,447689,Georgia Gwinnett College,www.ggc.edu/,www.ggc.edu/student-life/student-services/disability-services/
4894,456959,University of Minnesota-Rochester,https://r.umn.edu/,https://r.umn.edu/student-life/student-services/disability-resources
5024,459949,Texas A&M University-San Antonio,www.tamusa.edu/,https://www.tamusa.edu/disability-support-services/
5140,463056,University of Connecticut-Hartford Campus,https://hartford.uconn.edu/,https://csd.uconn.edu/
5236,476975,Colorado State University Global,https://csuglobal.edu/,https://csuglobal.edu/resources/student-services/disability-services
5249,479956,Pennsylvania State University-World Campus,https://www.worldcampus.psu.edu/,https://www.worldcampus.psu.edu/students-with-disabilities
5341,482149,Augusta University,www.augusta.edu/,augusta.edu/tds/disabilityservices.php
5342,482158,Middle Georgia State University,https://www.mga.edu/,https://www.mga.edu/accessibility-services/index.php
5367,482680,University of North Georgia,www.ung.edu/,ung.edu/student-disability-services/
5368,482699,South Georgia State College,www.sgsc.edu/,https://www.sgsc.edu/life-at-sgsc/disability-services
5370,482936,Florida Polytechnic University,floridapoly.edu/,floridapoly.oudeve.com/student-affairs/health-wellness/disability-services.php
5376,483036,Texas A&M University-Central Texas,tamuct.edu/,https://www.tamuct.edu/student-affairs/access-inclusion.html
5380,483124,Arizona State University Digital Immersion,www.asu.edu/,https://eoss.asu.edu/accessibility
5444,484473,University of Florida-Online,https://www.ufonline.ufl.edu/,https://disability.ufl.edu/
5454,484905,University of North Texas at Dallas,untdallas.edu/,https://untdallas.edu/sa/disability-services/
5461,485111,Georgia Military College,https://www.gmc.edu/,https://www.gmc.edu/disability-services/
5536,486840,Kennesaw State University,www.kennesaw.edu/,sds.kennesaw.edu/index.php
5546,487010,The University of Tennessee Health Science Center,www.uthsc.edu/,uthsc.edu/sassi/inclusion/disability-services.php
5640,488800,Teachers College of San Joaquin,www.teacherscollegesj.edu/,teacherscollegesj.edu/disability-services/
5665,489779,Purdue University Global,https://www.purdueglobal.edu/,https://www.purdueglobal.edu/academic-support/student-accessibility-services/
5721,490805,Purdue University Northwest,www.pnw.edu/,www.pnw.edu/disability-access-center/
5744,491288,University of Wisconsin-Milwaukee Flex,https://flex.wisconsin.edu/,https://flex.wisconsin.edu/accommodation-services-students-disabilities/
5745,491297,University of Wisconsin-Parkside Flex,https://flex.wisconsin.edu/,https://flex.wisconsin.edu/accommodation-services-students-disabilities/
5816,492689,Texas Tech University Health Sciences Center-El Paso,elpaso.ttuhsc.edu/,elpaso.ttuhsc.edu/studentservices/office-of-academic-and-disability-support-services/default.aspx
6076,498562,Commonwealth University of Pennsylvania,https://www.commonwealthu.edu/,https://www.bloomu.edu/offices-directory/disability-services
6077,498571,Pennsylvania Western University,https://www.pennwest.edu/,https://www.pennwest.edu/equity-title-ix#drs
